attribute,mean,std
average_speed,78.23950387781224,30.982901833042565
speed_limit,80.5318397987996,21.707176368112613
mass,23185.02514760551,8227.651402664167
elevation_change,-0.004504701508856446,8.621490310196894
previous_orientation,-1.4601658702766571,33.352461279484146
length,611.4102875399118,903.2923095926421
direction_angle,1.6700600866926103,102.77763894989043
